{
  "model": "vanilla gpt2",
  "model_name": "gpt2",
  "num_examples": 100,
  "accuracy": 0.01,
  "correct_predictions": 1,
  "similarity_metrics": {
    "all_tokens": {
      "avg_cosine_similarity": -0.08159874021231663,
      "std_cosine_similarity": 0.14229089049065344,
      "avg_norm_l2_distance": 1.4673409794330596,
      "std_norm_l2_distance": 0.10053818381375253,
      "total_tokens_analyzed": 10000
    },
    "per_example_averages": {
      "avg_cosine_similarity": -0.08159874021231663,
      "avg_norm_l2_distance": 1.4673409794330596
    }
  },
  "timestamp": "20251026_191340"
}