{
  "test_accuracy": 0.6333333333333333,
  "pilot_accuracy": 0.7,
  "baseline_accuracy": 0.833,
  "improvement_vs_pilot": -0.06666666666666665,
  "improvement_vs_baseline": -0.19966666666666666,
  "target_met": false,
  "beats_pilot": false,
  "beats_baseline": false,
  "method": "Token 1 L8 only (most discriminative position)",
  "sae_config": {
    "input_dim": 2048,
    "n_features": 2048,
    "l1_coefficient": 0.0005
  },
  "classification_report": {
    "mixed": {
      "precision": 0.4888888888888889,
      "recall": 0.55,
      "f1-score": 0.5176470588235295,
      "support": 40.0
    },
    "pure_addition": {
      "precision": 0.6764705882352942,
      "recall": 0.575,
      "f1-score": 0.6216216216216216,
      "support": 40.0
    },
    "pure_multiplication": {
      "precision": 0.7560975609756098,
      "recall": 0.775,
      "f1-score": 0.7654320987654321,
      "support": 40.0
    },
    "accuracy": 0.6333333333333333,
    "macro avg": {
      "precision": 0.6404856793665976,
      "recall": 0.6333333333333333,
      "f1-score": 0.634900259736861,
      "support": 120.0
    },
    "weighted avg": {
      "precision": 0.6404856793665975,
      "recall": 0.6333333333333333,
      "f1-score": 0.634900259736861,
      "support": 120.0
    }
  },
  "confusion_matrix": [
    [
      22,
      10,
      8
    ],
    [
      15,
      23,
      2
    ],
    [
      8,
      1,
      31
    ]
  ]
}