{
  "analysis_type": "cot_difficulty_breakdown",
  "model": "llama",
  "using_simulation": true,
  "total_pairs": 172,
  "needs_cot": {
    "count": 44,
    "percentage": 25.58139534883721,
    "mean_steps": 3.8181818181818183,
    "range": [
      3,
      6
    ],
    "distribution": {
      "4": 15,
      "5": 9,
      "3": 19,
      "6": 1
    },
    "stratification": {
      "easy": 0,
      "medium": 19,
      "hard": 25
    },
    "pair_ids": [
      12,
      65,
      70,
      80,
      95,
      99,
      123,
      132,
      178,
      206,
      229,
      286,
      287,
      304,
      304,
      336,
      345,
      347,
      351,
      354,
      355,
      358,
      372,
      378,
      381,
      396,
      399,
      401,
      411,
      414,
      424,
      441,
      465,
      502,
      503,
      506,
      507,
      513,
      518,
      523,
      524,
      551,
      553,
      555
    ]
  },
  "no_cot": {
    "count": 128,
    "percentage": 74.4186046511628,
    "mean_steps": 2.21875,
    "range": [
      1,
      3
    ],
    "distribution": {
      "2": 84,
      "3": 36,
      "1": 8
    },
    "stratification": {
      "easy": 92,
      "medium": 36,
      "hard": 0
    },
    "pair_ids": [
      0,
      3,
      6,
      22,
      23,
      27,
      28,
      34,
      35,
      48,
      49,
      55,
      56,
      59,
      61,
      69,
      72,
      81,
      83,
      84,
      85,
      97,
      103,
      109,
      112,
      113,
      117,
      118,
      120,
      121,
      126,
      127,
      130,
      133,
      134,
      139,
      142,
      145,
      166,
      168,
      169,
      176,
      179,
      190,
      194,
      195,
      200,
      202,
      208,
      213,
      217,
      220,
      221,
      222,
      224,
      231,
      235,
      237,
      239,
      240,
      248,
      251,
      254,
      258,
      262,
      270,
      271,
      274,
      278,
      283,
      285,
      294,
      297,
      300,
      312,
      317,
      318,
      319,
      329,
      332,
      334,
      300,
      305,
      312,
      317,
      318,
      319,
      329,
      332,
      334,
      342,
      344,
      352,
      364,
      366,
      370,
      375,
      379,
      387,
      388,
      397,
      400,
      412,
      418,
      419,
      431,
      450,
      462,
      469,
      475,
      476,
      477,
      481,
      482,
      484,
      485,
      490,
      491,
      492,
      495,
      516,
      529,
      535,
      536,
      543,
      544,
      545,
      548
    ]
  },
  "comparison": {
    "mean_difference": 1.5994318181818183,
    "strategic_cot_use": true
  }
}