{
  "model": "vanilla llama",
  "model_name": "llama",
  "num_examples": 100,
  "accuracy": 0.05,
  "correct_predictions": 5,
  "similarity_metrics": {
    "all_tokens": {
      "avg_cosine_similarity": 0.3144906582921297,
      "std_cosine_similarity": 0.06044231526885211,
      "avg_norm_l2_distance": 1.1700511010296666,
      "std_norm_l2_distance": 0.05233955168610596,
      "total_tokens_analyzed": 9809
    },
    "per_example_averages": {
      "avg_cosine_similarity": 0.3134301883234263,
      "avg_norm_l2_distance": 1.170952247670788
    }
  },
  "timestamp": "20251026_191347"
}