{
  "metadata": {
    "model": "gpt2",
    "position": 3,
    "layer": 8,
    "n_train": 800,
    "n_val": 200,
    "input_dim": 768,
    "epochs": 25,
    "batch_size": 256
  },
  "results": {
    "d256_k30": {
      "explained_variance": 0.8852712512016296,
      "reconstruction_loss": 5.893737316131592,
      "cosine_similarity": 0.9398843050003052,
      "l0_mean": 30.0,
      "l0_std": 0.0,
      "mean_activation": 44.920021057128906,
      "max_activation": 87.59390258789062,
      "median_activation": 47.46308517456055,
      "feature_death_rate": 0.58984375,
      "num_dead_features": 151,
      "num_active_features": 105,
      "train_time_sec": 2.2657196521759033,
      "epochs": 25
    }
  }
}