{
  "question": "Janet's ducks lay 16 eggs per day. She eats three for breakfast every morning and bakes muffins for her friends every day with four. She sells the remainder at the farmers' market daily for $2 per fresh duck egg. How much in dollars does she make every day at the farmers' market?",
  "question_tokens": [
    "<|begin_of_text|>",
    "Jan",
    "et",
    "'s",
    "\u0120ducks",
    "\u0120lay",
    "\u0120",
    "16",
    "\u0120eggs",
    "\u0120per",
    "\u0120day",
    ".",
    "\u0120She",
    "\u0120eats",
    "\u0120three",
    "\u0120for",
    "\u0120breakfast",
    "\u0120every",
    "\u0120morning",
    "\u0120and",
    "\u0120b",
    "akes",
    "\u0120muff",
    "ins",
    "\u0120for",
    "\u0120her",
    "\u0120friends",
    "\u0120every",
    "\u0120day",
    "\u0120with",
    "\u0120four",
    ".",
    "\u0120She",
    "\u0120sells",
    "\u0120the",
    "\u0120remainder",
    "\u0120at",
    "\u0120the",
    "\u0120farmers",
    "'",
    "\u0120market",
    "\u0120daily",
    "\u0120for",
    "\u0120$",
    "2",
    "\u0120per",
    "\u0120fresh",
    "\u0120duck",
    "\u0120egg",
    ".",
    "\u0120How",
    "\u0120much",
    "\u0120in",
    "\u0120dollars",
    "\u0120does",
    "\u0120she",
    "\u0120make",
    "\u0120every",
    "\u0120day",
    "\u0120at",
    "\u0120the",
    "\u0120farmers",
    "'",
    "\u0120market",
    "?",
    null
  ],
  "question_length": 66,
  "cot_positions": [
    {
      "position": 0,
      "token": "9",
      "token_id": 24,
      "layer_norms": [
        0.34375,
        2.640625,
        3.5,
        3.90625,
        4.46875,
        4.71875,
        5.34375,
        5.75,
        6.6875,
        7.96875,
        9.25,
        8.5,
        12.5,
        14.75,
        16.875,
        22.875,
        103.0
      ],
      "first_to_last_delta": 103.0,
      "projection_delta": 106.0,
      "projection_ratio": 1.029126213592233
    },
    {
      "position": 1,
      "token": "7",
      "token_id": 22,
      "layer_norms": [
        30.625,
        30.25,
        28.875,
        26.625,
        23.875,
        20.75,
        18.5,
        16.25,
        15.3125,
        15.25,
        17.625,
        18.5,
        20.75,
        21.375,
        24.625,
        27.75,
        94.5
      ],
      "first_to_last_delta": 91.5,
      "attention_contribution": 91.5,
      "projection_delta": 96.5,
      "projection_ratio": 1.0211640211640212,
      "proj_vs_attn_ratio": 1.0546448087431695
    },
    {
      "position": 2,
      "token": "+",
      "token_id": 10,
      "layer_norms": [
        30.0,
        29.625,
        28.375,
        26.0,
        23.625,
        21.0,
        19.375,
        17.875,
        17.5,
        18.75,
        20.125,
        21.0,
        23.25,
        24.125,
        28.875,
        29.875,
        97.5
      ],
      "first_to_last_delta": 90.0,
      "attention_contribution": 90.0,
      "projection_delta": 96.0,
      "projection_ratio": 0.9846153846153847,
      "proj_vs_attn_ratio": 1.0666666666666667
    },
    {
      "position": 3,
      "token": "-",
      "token_id": 12,
      "layer_norms": [
        28.125,
        27.75,
        25.875,
        22.625,
        19.75,
        17.0,
        14.5625,
        13.0,
        12.125,
        12.5,
        13.875,
        15.0,
        17.0,
        19.625,
        24.25,
        27.5,
        103.5
      ],
      "first_to_last_delta": 99.0,
      "attention_contribution": 99.0,
      "projection_delta": 104.0,
      "projection_ratio": 1.0048309178743962,
      "proj_vs_attn_ratio": 1.0505050505050506
    },
    {
      "position": 4,
      "token": "9",
      "token_id": 24,
      "layer_norms": [
        26.875,
        26.125,
        23.5,
        19.375,
        15.625,
        12.0625,
        9.75,
        8.8125,
        9.3125,
        9.75,
        9.5,
        8.875,
        13.1875,
        16.0,
        18.125,
        27.5,
        101.0
      ],
      "first_to_last_delta": 102.5,
      "attention_contribution": 102.5,
      "projection_delta": 103.5,
      "projection_ratio": 1.0247524752475248,
      "proj_vs_attn_ratio": 1.0097560975609756
    },
    {
      "position": 5,
      "token": "9",
      "token_id": 24,
      "layer_norms": [
        29.125,
        28.625,
        26.625,
        23.625,
        20.375,
        17.0,
        14.6875,
        12.8125,
        12.625,
        13.1875,
        16.25,
        17.125,
        19.75,
        21.5,
        27.25,
        29.625,
        89.0
      ],
      "first_to_last_delta": 86.5,
      "attention_contribution": 86.5,
      "projection_delta": 88.5,
      "projection_ratio": 0.9943820224719101,
      "proj_vs_attn_ratio": 1.023121387283237
    },
    {
      "position": 6,
      "token": ">>",
      "token_id": 2511,
      "layer_norms": [
        28.75,
        28.125,
        26.125,
        22.75,
        19.625,
        16.5,
        14.625,
        13.1875,
        13.375,
        14.6875,
        19.25,
        20.625,
        24.125,
        26.125,
        32.0,
        33.5,
        89.0
      ],
      "first_to_last_delta": 86.0,
      "attention_contribution": 86.0,
      "projection_delta": 90.0,
      "projection_ratio": 1.0112359550561798,
      "proj_vs_attn_ratio": 1.0465116279069768
    }
  ]
}