{
  "model": "vanilla GPT-2 (openai-community/gpt2)",
  "num_examples": 10,
  "accuracy": 0.0,
  "correct_predictions": 0,
  "similarity_metrics": {
    "all_tokens": {
      "avg_cosine_similarity": -0.05959372428292409,
      "std_cosine_similarity": 0.150223817650041,
      "avg_norm_l2_distance": 1.4518508588075638,
      "std_norm_l2_distance": 0.1063791137830172,
      "total_tokens_analyzed": 1000
    },
    "per_example_averages": {
      "avg_cosine_similarity": -0.05959372428292409,
      "avg_norm_l2_distance": 1.4518508588075636
    }
  },
  "timestamp": "20251026_181300"
}